Dataset Index,Prediction value of prediction target,COL_____,Control_mode,room_temp,water_temp,middle,B7,B8,COL____,PV,SV,COL____2,COL____3,COL____4,power,date_time
1,0.3424,RA,H,25.5,31.7,25,24.9,24.6,48.7,31.2,29.99,405.51,0.68,0.4,0.41,2022/3/1 00:00
2,0.288,RA,H,25.3,32.4,24.5,24.6,24.7,49,32,30.77,405.02,0.68,0.4,0.4,2022/3/1 01:00
3,0.2643,RA,H,25.4,33,24.8,24.4,24.8,49.1,32.4,31.29,405.72,0.68,0.4,0.4,2022/3/1 02:00
4,0.25,RA,H,25.3,33.4,24.7,24.2,24.8,49.2,32.8,31.72,405.79,0.68,0.4,0.4,2022/3/1 03:00
5,0.2417,RA,H,25.2,33.7,24.2,24.1,24.8,49.3,33.2,32.06,405.54,0.68,0.4,0.4,2022/3/1 04:00
6,0.2427,RA,H,25.3,33.7,24.9,25.1,24.8,49.4,33.2,32.01,404.79,0.68,0.4,0.4,2022/3/1 05:00
7,0.2427,RA,H,25.7,33.9,24.3,24.8,24.8,49.5,33.4,32.01,405.52,0.68,0.4,0.4,2022/3/1 06:00
8,0.2356,RA,H,25.5,34.2,24.6,24.4,25,49.5,33.6,32.39,402.86,0.67,0.39,0.4,2022/3/1 07:00
9,0.2347,RA,H,25.2,34.1,25,24.3,25,47.6,33.6,32.45,405.2,0.68,0.4,0.4,2022/3/1 08:00
10,0.2392,RA,H,26.1,34.3,24.1,24.8,25.6,46.7,33.8,32.18,401.45,0.67,0.39,0.39,2022/3/1 09:00
11,3.7547,RA,C,26.5,27.4,25.4,26.4,26.4,46.5,27.6,27.86,402.26,56.66,34.65,14.03,2022/3/1 10:00
12,4.6358,RA,C,27.2,26.1,25.8,27,26.4,45.3,26,26.19,401.13,0.69,0.4,7.12,2022/3/1 11:00
13,5.2855,RA,C,27.4,25.2,26.2,27.4,26.5,44.8,25,25.2,404.76,0.7,0.41,6.8,2022/3/1 12:00
14,5.5666,RA,C,27.6,24.8,26.6,27.9,27.1,44.6,24.6,24.71,398.34,0.69,0.4,6.21,2022/3/1 13:00
15,5.6595,RA,C,27.9,24.8,26.8,27.9,27.4,44.4,24.6,24.54,398.27,0.69,0.4,5.76,2022/3/1 14:00
16,5.5831,RA,C,27.8,24.9,27,28.3,27.6,44.3,24.6,24.68,400.67,32.49,17.02,5.94,2022/3/1 15:00
17,5.5666,RA,C,27.6,24.8,26.9,28.4,27.6,44.3,24.6,24.71,401.64,50.52,30.2,6.16,2022/3/1 16:00
18,5.735,RA,C,27.4,24.3,26.8,28.5,27.7,44.8,24.8,24.4,408.75,51.79,31.38,6.15,2022/3/1 17:00
19,5.9219,RA,C,27.5,24,26.7,28.8,27.5,46,24.4,24.05,401.71,52.91,32.03,6.4,2022/3/1 18:00
20,5.9006,RA,C,27.4,24,26.4,28.8,26.9,46.7,24.2,24.09,401.74,53.04,32.13,6,2022/3/1 19:00
21,5.7243,RA,C,27,24.1,25.9,28.4,26.5,46.8,24.4,24.42,403.23,52.53,31.83,5.56,2022/3/1 20:00
22,5.3982,RA,C,26.8,24.6,25.4,27.9,26,46.9,24.8,25.01,404.36,50.58,30.4,4.72,2022/3/1 21:00
23,5.2733,RA,C,26.7,24.8,25,27.5,25.5,46.8,24.6,25.22,408.04,0.71,0.42,4.84,2022/3/1 22:00
24,5.421,RA,C,26.8,24.6,24.8,27.1,25.2,46.8,24.4,24.97,408.21,0.71,0.42,5.65,2022/3/1 23:00
25,5.5223,RA,C,26.6,24.3,24.6,26.8,24.9,46.8,24,24.79,408.23,0.71,0.42,5.59,2022/3/2 00:00
26,5.4944,RA,C,26,24,24.3,26.5,24.6,46.7,23.8,24.84,408.48,0.73,0.43,5.52,2022/3/2 01:00
27,4.7162,RA,C,26,25.3,24.1,26.3,24.4,46.8,25,26.07,410.12,0.73,0.43,2.98,2022/3/2 02:00
28,1.7801,RA,H,26.1,27.9,24.3,26.2,24.6,47.1,27.6,26.02,410.44,0.69,0.41,0.41,2022/3/2 03:00
29,0.8029,RA,H,26,29.7,24.9,26.1,24.9,47.6,29.2,27.8,411.03,0.69,0.41,0.41,2022/3/2 04:00
30,0.4802,RA,H,26,31.1,24.4,26,25.2,48.1,30.6,29.16,409.95,0.69,0.41,0.41,2022/3/2 05:00
31,0.3143,RA,H,25.6,32.1,25,25.9,25.4,48.4,31.6,30.33,408.49,0.68,0.41,0.41,2022/3/2 06:00
32,3.3371,RA,C,25.3,28.8,24.8,26.2,25,48.2,28.4,29.79,408.06,0.71,0.42,8.24,2022/3/2 07:00
33,3.9,RA,C,26.8,27.2,24.7,26.1,25.1,46.3,26.8,27.46,399.78,0.71,0.41,5.72,2022/3/2 08:00
34,3.8164,RA,C,27.1,27.6,25.3,26.3,25.3,45,27.2,27.67,399.88,0.71,0.41,3.27,2022/3/2 09:00
35,4.1466,RA,C,27.4,27,25.9,26.7,25.8,44.8,27.2,26.97,393.83,78.87,48.81,5.75,2022/3/2 10:00
36,4.8776,RA,C,27.3,25.8,26,26.9,26,44.5,25.6,25.83,393.34,0.69,0.4,6.42,2022/3/2 11:00
37,5.1349,RA,C,26.8,25.1,25.6,26.7,25.6,44,24.8,25.44,405.24,0.72,0.42,6.4,2022/3/2 12:00
38,5.6214,RA,C,27.1,24.4,25.3,26.7,25.8,43.8,24.2,24.61,400.18,0.71,0.41,7.12,2022/3/2 13:00
39,5.858,RA,C,27.2,24,25.3,26.7,26,43.8,23.8,24.17,396.31,0.7,0.4,7.75,2022/3/2 14:00
40,6.0608,RA,C,27.2,23.6,25.3,26.9,26.2,43.7,23.4,23.79,394.82,0.7,0.4,6.91,2022/3/2 15:00
41,5.8313,RA,C,27.2,24,25.3,27.2,26.4,43.7,24.4,24.22,393.12,78.46,48.43,6.57,2022/3/2 16:00
42,5.375,RA,C,27,24.8,25.2,27.2,26.1,43.7,24.6,25.05,403.77,0.72,0.42,4.94,2022/3/2 17:00
43,5.1733,RA,C,25.3,24.2,24.9,26.9,26,43.8,24,25.38,402.4,0.71,0.41,6.06,2022/3/2 18:00
44,5.2548,RA,C,24.6,23.7,24.6,26.2,25.4,44.4,23.4,25.25,402.85,0.71,0.42,6.93,2022/3/2 19:00
45,4.5363,RA,C,24.2,24.6,24.6,26,25.2,44.4,24.6,26.34,399.38,52.7,31.69,3.9,2022/3/2 20:00
46,4.5693,RA,C,23.9,24.4,24.4,25.8,25,44.5,24.2,26.29,403.18,0.72,0.42,4.78,2022/3/2 21:00
47,4.9445,RA,C,23.7,23.7,23.3,25.5,24.7,44.3,23.6,25.73,405.15,0.72,0.42,5.54,2022/3/2 22:00
48,4.1522,RA,C,23.5,24.9,22.5,25.2,24.4,44.3,24.6,26.96,406.56,0.73,0.42,2.95,2022/3/2 23:00
49,1.4178,RA,H,23.5,27.1,22.9,25.2,24.5,44.7,26.8,26.57,407.43,0.68,0.4,0.41,2022/3/3 00:00
50,0.7258,RA,H,23.7,28.8,23.6,25.2,24.1,45.8,28.4,28.1,407.32,0.68,0.4,0.4,2022/3/3 01:00
51,0.517,RA,H,24.4,30.1,24.3,25.1,24.3,46.5,29.6,28.99,405.76,0.68,0.4,0.4,2022/3/3 02:00
52,0.3579,RA,H,24.6,31.1,24.8,25.1,24.5,46.9,30.6,29.86,407.86,0.68,0.4,0.4,2022/3/3 03:00
53,0.301,RA,H,25,32,24.4,25.1,24.7,47.3,31.6,30.54,407.94,0.68,0.41,0.41,2022/3/3 04:00
54,0.2536,RA,H,23.9,32.5,25,25.1,24.9,47.5,32.2,31.6,404.58,0.67,0.4,0.4,2022/3/3 05:00
55,0.2369,RA,H,23.4,33,24,24.9,24.8,47.6,32.4,32.31,403.32,0.67,0.39,0.4,2022/3/3 06:00
56,0.2312,RA,H,23.3,33.4,24.8,24.7,24.7,47.8,32.8,32.74,405.96,0.68,0.4,0.4,2022/3/3 07:00
57,0.2374,RA,H,24.4,33.5,24.9,24.6,25,46.6,33,32.28,393.55,0.65,0.37,0.39,2022/3/3 08:00
58,0.2542,RA,H,26,33.6,24.5,25,25.6,45.9,33.2,31.58,396.5,0.66,0.38,0.38,2022/3/3 09:00
59,3.3121,RA,C,25.9,29.3,25.4,26.5,26.3,45.6,29,29.99,394.92,0.69,0.4,8.05,2022/3/3 10:00
60,3.6412,RA,C,27,28.2,26.3,27.3,26.2,45.1,28,28.33,397.94,0.7,0.4,5.65,2022/3/3 11:00
61,4.0027,RA,C,27.2,27.2,26.8,27.9,26.9,44.8,27,27.24,400.71,43.37,25.4,6.8,2022/3/3 12:00
62,5.9645,RA,C,27.4,23.9,26.7,28.2,27.4,44.6,23.8,23.97,395.08,0.69,0.4,11.01,2022/3/3 13:00
63,6.05,RA,C,27.5,23.8,26.7,28.5,27.6,44.3,23.6,23.81,398.28,0.7,0.4,6.01,2022/3/3 14:00
64,6.0233,RA,C,27.4,23.8,26.7,28.6,27.7,44.1,23.6,23.86,398.98,0.7,0.41,5.9,2022/3/3 15:00
65,7.9329,RA,C,27.2,20.6,26.4,28.4,27.4,43.9,21,21.09,396.15,77.23,48.1,14.2,2022/3/3 16:00
66,19.3037,RA,C,26.7,10.8,23.7,26.3,25.5,42.2,10.6,12.8,406.55,0.73,0.43,44.49,2022/3/3 17:00
67,22.61,RA,C,25.7,8.6,23.7,24.5,23.8,42.3,9,11.44,396.36,0.7,0.4,34.82,2022/3/3 18:00
68,11.8177,RA,H,24.8,15.3,21.5,25.6,23.9,42.2,15.4,15.21,395.76,0.65,0.38,0.38,2022/3/3 19:00
69,6.7311,RA,H,24.5,20,21.7,26.5,24.6,42.7,19.8,19.44,395.36,0.66,0.38,0.38,2022/3/3 20:00
70,3.9019,RA,H,24.7,23.4,22.7,26.8,25.2,43.7,23.2,22.41,397.25,0.66,0.38,0.38,2022/3/3 21:00
71,2.491,RA,H,24.9,26.1,23.7,26.9,25.7,44.4,26,24.9,399.63,0.66,0.39,0.39,2022/3/3 22:00
72,6.3068,RA,C,25.1,21.9,23.7,26.1,25.2,44.2,21.8,23.34,400.9,0.71,0.41,14.33,2022/3/3 23:00
73,5.4776,RA,C,25.1,23.5,23.4,26.1,25.1,44.5,24,24.87,403.62,0.72,0.42,3.69,2022/3/4 00:00
74,4.9579,RA,C,25.2,24.5,23.2,26,24.9,45.8,24.2,25.71,404.49,0.72,0.42,3.08,2022/3/4 01:00
75,5.3278,RA,C,25.2,23.9,23,25.8,24.8,46.4,23.6,25.13,405.82,0.72,0.42,7.22,2022/3/4 02:00
76,5.2112,RA,C,25.1,24,22.8,25.7,24.7,46.7,24.2,25.32,402.35,76.31,47.99,6.47,2022/3/4 03:00
77,4.8977,RA,C,25,24.5,22.6,25.4,24.5,46.7,24.2,25.8,406.22,0.72,0.42,4.53,2022/3/4 04:00
78,5.3158,RA,C,25,23.8,22.4,25.2,24.5,46.7,23.6,25.15,405.85,0.72,0.42,7.13,2022/3/4 05:00
79,2.3158,RA,H,25,26.5,22.9,25.2,24.4,46.9,26,25.2,404.13,0.68,0.4,0.41,2022/3/4 06:00
80,1.0633,RA,H,24.9,28.5,23.9,25.3,24.4,47.5,28,27.18,403.26,0.67,0.4,0.4,2022/3/4 07:00
81,0.7511,RA,H,26,29.9,24.8,25.2,24.8,45.9,29.4,27.99,395.82,0.65,0.38,0.39,2022/3/4 08:00
82,0.5104,RA,H,26.1,31,24.8,25.6,25.6,45.3,30.6,29.02,393.88,0.65,0.38,0.38,2022/3/4 09:00
83,6.0126,RA,C,26.9,23.5,25.3,26.5,26.2,45.1,23.4,23.88,398.3,0.68,0.4,17.58,2022/3/4 10:00
84,12.9473,RA,C,26.9,15.4,24.4,26.2,25.3,43.7,15.6,16.72,395.68,0.68,0.39,29.44,2022/3/4 11:00
85,11.5906,RA,C,26.7,16.6,24.4,25.7,25,42.4,16.8,17.88,400,49.49,29.51,9.04,2022/3/4 12:00
86,12.4571,RA,C,26.9,15.9,24.4,25.9,25.3,42.2,16,17.15,396.78,0.68,0.39,11.29,2022/3/4 13:00
87,12.7868,RA,C,27,15.6,24,26.2,25.4,42.6,16.2,16.86,392.88,53.22,31.94,11.16,2022/3/4 14:00
88,12.9588,RA,C,26.9,15.4,24.8,26.4,25.7,42.2,15.4,16.71,395.51,0.68,0.39,11,2022/3/4 15:00
89,14.3619,RA,C,27,14.1,24.2,26.6,25.8,42.3,14.6,15.54,392.26,0.67,0.39,13.95,2022/3/4 16:00
90,13.6734,RA,C,26.6,14.5,24.7,26.3,25.4,42.4,14.6,16.1,399.58,0.69,0.4,10.32,2022/3/4 17:00
91,9.7449,RA,C,26.3,18.1,24.3,26.6,25.6,42.6,18,19.4,404.87,0.7,0.41,4.6,2022/3/4 18:00
92,6.4609,RA,C,26.5,22.4,24.5,27.4,26.4,43.6,22.2,23.07,406.17,0.7,0.41,0.41,2022/3/4 19:00
93,5.5167,RA,C,25.7,23.8,24.9,27.9,27,44.7,23.6,24.8,406.84,0.7,0.41,2.81,2022/3/4 20:00
94,5.5941,RA,C,25.4,23.5,24.9,27.9,26.9,45.2,23.2,24.66,407.36,0.71,0.42,5.47,2022/3/4 21:00
95,4.9512,RA,C,25.1,24.4,24.7,27.5,26.6,45.3,24.8,25.72,405.82,50.59,30.45,4.16,2022/3/4 22:00
96,4.8977,RA,C,25.4,24.7,24.4,27.1,26.3,45.4,24.4,25.8,409.49,0.74,0.43,4.29,2022/3/4 23:00
97,5.1414,RA,C,25.2,24.2,24.2,26.8,25.9,45.5,24,25.43,410.16,0.73,0.43,5.51,2022/3/5 00:00
98,5.2238,RA,C,24.5,23.7,23.9,26.4,24.7,46.4,23.4,25.3,409.75,0.73,0.43,5.44,2022/3/5 01:00
99,2.0544,RA,H,24.4,26.6,23.7,26.2,24.3,46.9,26.2,25.61,410.9,0.69,0.41,0.43,2022/3/5 02:00
100,0.9132,RA,H,24.7,28.7,24.4,26.1,24.5,47.4,28.4,27.5,412.26,0.69,0.41,0.41,2022/3/5 03:00
101,0.4636,RA,H,24.5,30.4,24.9,25.8,24.8,47.9,30,29.24,406.54,0.68,0.4,0.41,2022/3/5 04:00
102,0.3241,RA,H,25.1,31.7,24.3,25.8,25.1,48.2,31.2,30.19,406.33,0.68,0.4,0.4,2022/3/5 05:00
103,0.2829,RA,H,25.5,32.6,25,25.8,25.4,48.7,32.2,30.87,405.21,0.68,0.4,0.4,2022/3/5 06:00
104,3.3371,RA,C,25.7,29,24.8,26.1,25.2,48.5,28.6,29.79,405.94,0.7,0.41,8.21,2022/3/5 07:00
105,3.3177,RA,C,26,29.3,25,26.3,24.8,48.2,29,29.94,406.78,0.71,0.42,2.52,2022/3/5 08:00
106,3.3646,RA,C,27.1,29.6,25.5,26.6,25,48.4,29.2,29.61,408.38,0.71,0.42,2.51,2022/3/5 09:00
107,3.6768,RA,C,27.4,28.3,25.9,27.1,25.5,48.7,28,28.18,410.4,0.71,0.42,4.74,2022/3/5 10:00
108,4.5892,RA,C,27.7,26.5,25.9,27.2,25.4,48.4,26,26.26,407.55,0.71,0.42,8.8,2022/3/5 11:00
109,5.421,RA,C,27.9,25.2,25.9,27.3,25.4,48.2,25.6,24.97,407.8,52.26,31.78,7.53,2022/3/5 12:00
110,5.826,RA,C,28.1,24.6,26,27.5,25.4,48,24.4,24.23,408.04,43.2,25.21,7.22,2022/3/5 13:00
111,6.4784,RA,C,28.1,23.3,25.8,27.5,25.3,47.7,23.6,23.04,405.98,51.62,31.21,8.99,2022/3/5 14:00
112,6.8717,RA,C,27.9,22.5,25.7,27.5,25.3,47.6,22.8,22.41,406.55,53.95,32.92,7.84,2022/3/5 15:00
113,6.9808,RA,C,27.8,22.3,25.5,27.5,25.2,47.5,22.2,22.25,410.24,0.71,0.42,6.35,2022/3/5 16:00
114,6.6283,RA,C,27,22.4,25.3,27.3,25.1,47.4,22.2,22.79,408.1,0.71,0.42,6.03,2022/3/5 17:00
115,6.2016,RA,C,25.8,22.5,24.8,26.9,24.8,47.1,22.2,23.53,405.98,0.7,0.41,5.95,2022/3/5 18:00
116,5.1478,RA,C,25.4,24.3,24.4,26.5,24.4,47,24,25.42,407.14,0.7,0.41,3.08,2022/3/5 19:00
117,1.8609,RA,H,25,27.2,24.1,26.4,24.5,47.4,27,25.9,407,0.68,0.4,0.41,2022/3/5 20:00
118,0.7685,RA,H,24.8,29.2,24.8,26.1,24.7,47.8,28.8,27.92,407.65,0.68,0.4,0.41,2022/3/5 21:00
119,0.3999,RA,H,24.6,30.8,24.6,25.7,25,48.1,30.4,29.58,408.08,0.68,0.4,0.41,2022/3/5 22:00
120,0.2923,RA,H,24.5,31.9,24.8,25.5,25.1,48.4,31.4,30.69,410.07,0.69,0.41,0.41,2022/3/5 23:00
121,0.2663,RA,H,25.1,32.8,24.2,25.2,25.3,48.7,32.2,31.24,413.14,0.69,0.42,0.41,2022/3/6 00:00
122,0.2425,RA,H,24.7,33.4,24.8,25.1,25.4,49.2,32.8,32.02,412.06,0.69,0.41,0.41,2022/3/6 01:00
123,3.2695,RA,C,25.1,29.5,24.7,25.7,24.9,48.8,29,30.56,410.64,0.72,0.42,9.47,2022/3/6 02:00
124,3.2427,RA,C,24.3,29.6,24.5,25.6,24.4,48.5,29.2,31.08,410.07,0.71,0.42,2.5,2022/3/6 03:00
125,0.3435,RA,H,24.2,31,24.3,25.2,24.4,48.6,30.6,29.98,405.33,0.68,0.4,0.41,2022/3/6 04:00
126,0.2766,RA,H,24.1,32,24.8,24.7,24.5,48.7,31.6,31,405.44,0.68,0.4,0.4,2022/3/6 05:00
127,0.25,RA,H,24,32.7,24.9,24.5,24.7,48.9,32.2,31.72,404.61,0.68,0.4,0.4,2022/3/6 06:00
128,0.2558,RA,H,25.5,33.3,24.7,24.4,24.8,49.1,32.8,31.53,403.94,0.67,0.4,0.4,2022/3/6 07:00
129,0.2509,RA,H,26.3,33.9,24.3,24.6,25.2,49.5,33.4,31.69,410.77,0.69,0.41,0.4,2022/3/6 08:00
130,0.2512,RA,H,27,34.3,25,25.1,25.7,50,33.8,31.68,408.49,0.68,0.41,0.41,2022/3/6 09:00
131,3.7232,RA,C,27.6,28.2,25.2,26.1,25.2,49.4,28,27.98,405.87,41.35,24.64,15.45,2022/3/6 10:00
132,4.0077,RA,C,27.9,27.6,25.4,26.6,25.1,49.1,27.4,27.23,406.15,0.7,0.41,4.72,2022/3/6 11:00
133,4.4193,RA,C,28.1,27,25.9,27.1,25.5,49.1,26.6,26.52,411.43,0.72,0.43,4.86,2022/3/6 12:00
134,5.735,RA,C,28.3,24.9,26,27.4,25.6,48.8,24.6,24.4,409.15,0.71,0.42,9,2022/3/6 13:00
135,7.5682,RA,C,28.5,21.9,25.7,27.4,25.4,48.4,21.8,21.49,409.5,0.71,0.42,13.49,2022/3/6 14:00
136,7.3451,RA,C,28.5,22.2,25.4,27.4,25.2,48.1,22,21.76,409.97,0.71,0.42,6.25,2022/3/6 15:00
137,7.1018,RA,C,28.4,22.5,25.4,27.5,25.2,47.7,22.2,22.08,410.12,0.71,0.42,6.2,2022/3/6 16:00
138,6.7538,RA,C,28,22.8,25.2,27.4,25.1,47.5,22.6,22.59,407.85,0.71,0.42,6.12,2022/3/6 17:00
139,6.9121,RA,C,27.7,22.3,25,27.1,24.8,47.4,22.8,22.35,406.07,55.7,33.98,7.64,2022/3/6 18:00
140,6.3349,RA,C,27.1,23,24.5,26.7,24.4,47.2,22.8,23.29,409.2,0.73,0.43,6.62,2022/3/6 19:00
141,2.9948,RA,H,27,26.3,24.6,26.8,24.7,47.5,26,23.97,411.97,0.69,0.41,0.42,2022/3/6 20:00
142,1.3243,RA,H,26.4,28.8,24.4,26.9,25.2,48.1,28.4,26.72,413.97,0.69,0.42,0.41,2022/3/6 21:00
143,0.5082,RA,H,25.7,30.8,24.1,26.7,25.6,48.5,30.4,29.03,413.87,0.7,0.42,0.42,2022/3/6 22:00
144,4.1522,RA,C,25.6,26,24.6,26.6,25,48.2,25.8,26.96,411.48,0.72,0.43,11.94,2022/3/6 23:00
145,3.7408,RA,C,25.8,27.1,24.6,26.2,24.5,47.8,26.8,27.91,409.96,0.72,0.43,2.62,2022/3/7 00:00
146,1.7196,RA,H,26.1,28,24.3,26.1,24.4,47.8,27.6,26.11,406.55,0.68,0.4,2.59,2022/3/7 01:00
147,0.735,RA,H,25.9,29.9,24.7,25.9,24.7,48.2,29.6,28.06,408.14,0.68,0.4,0.41,2022/3/7 02:00
148,0.3716,RA,H,25.4,31.4,24.6,25.8,25.1,48.5,31,29.76,408.16,0.68,0.4,0.4,2022/3/7 03:00
149,0.2901,RA,H,25.6,32.5,25,25.7,25.4,48.8,32.2,30.73,408.59,0.68,0.41,0.41,2022/3/7 04:00
150,3.2902,RA,C,24.8,29,25,26.1,25.2,48.7,28.6,30.24,408.37,0.71,0.42,8.6,2022/3/7 05:00
151,3.2536,RA,C,24.2,29.3,24.7,25.9,24.6,48.2,29,30.85,406.67,0.71,0.42,2.52,2022/3/7 06:00
152,0.5789,RA,H,23.8,29.5,24,25.4,24.1,47.8,29,28.72,406.02,0.68,0.4,2.49,2022/3/7 07:00
153,0.4823,RA,H,24.5,30.3,24.1,24.5,24.1,46,30,29.15,400.62,0.67,0.39,0.4,2022/3/7 08:00
154,0.3469,RA,H,24.6,31.2,24.2,24.6,24.3,44.9,30.6,29.95,402.03,0.67,0.39,0.4,2022/3/7 09:00
155,0.2974,RA,H,24.3,31.7,24.9,25.2,24.8,44.4,31.2,30.6,404.35,0.67,0.4,0.4,2022/3/7 10:00
156,0.2704,RA,H,23.8,32,25,24.9,24.7,44.3,31.4,31.14,403.74,0.67,0.4,0.4,2022/3/7 11:00
157,0.2602,RA,H,23.7,32.2,25,24.8,25,44.1,31.8,31.4,407.18,0.68,0.4,0.4,2022/3/7 12:00
158,0.2509,RA,H,23.3,32.3,24.9,24.6,24.9,44,31.8,31.69,402.04,0.67,0.39,0.41,2022/3/7 13:00
159,0.2458,RA,H,23.1,32.4,24.8,24.6,24.7,43.9,31.8,31.88,402.33,0.67,0.39,0.39,2022/3/7 14:00
160,0.2421,RA,H,22.8,32.4,24.7,24.6,24.9,43.7,32,32.04,403.57,0.67,0.4,0.4,2022/3/7 15:00
161,0.24,RA,H,22.6,32.4,24.4,24.5,24.9,43.6,32,32.14,404.72,0.67,0.4,0.4,2022/3/7 16:00
162,0.2527,RA,H,21.2,31.3,24,24.2,24.5,43.9,31,31.63,406.84,0.68,0.4,0.4,2022/3/7 17:00
163,0.2335,RA,H,20.5,32,23.6,24.7,24.4,44.3,31.6,32.54,405.25,0.68,0.4,0.4,2022/3/7 18:00
164,0.2261,RA,H,19.9,33.1,23.5,24.7,24.4,44.7,32.6,33.81,404.63,0.68,0.4,0.4,2022/3/7 19:00
165,0.2273,RA,H,19.8,35.1,23.7,24.3,24.3,45.1,34.4,35.74,406.49,0.68,0.4,0.4,2022/3/7 20:00
166,0.2325,RA,H,19.6,36.1,24,24.6,24.2,45.4,35.6,36.79,407.62,0.68,0.41,0.41,2022/3/7 21:00
167,0.2369,RA,H,19.6,38.1,24.4,24.9,24.2,45.9,37.4,38.68,408.3,0.69,0.41,0.41,2022/3/7 22:00
168,0.2401,RA,H,19.5,39.2,24.8,24,24.2,46.2,38.4,39.75,407.77,0.69,0.41,0.41,2022/3/7 23:00
169,0.2443,RA,H,19.2,40.8,24.4,24.5,24.2,46.6,40,41.39,408.83,0.69,0.41,0.41,2022/3/8 00:00
170,0.2482,RA,H,19.1,42.1,24.5,24.9,24.2,46.9,41.2,42.65,408.77,0.69,0.41,0.41,2022/3/8 01:00
171,0.2514,RA,H,19.1,43.3,25,25.1,24.3,47.3,42.4,43.79,410.43,0.69,0.41,0.41,2022/3/8 02:00
172,0.2541,RA,H,19.5,44.3,24.8,24.7,24.6,47.6,43.4,44.58,408.72,0.69,0.41,0.41,2022/3/8 03:00
173,0.2563,RA,H,19.2,45,24,24,24.8,48,43.8,45.34,409.26,0.69,0.41,0.41,2022/3/8 04:00
174,0.2562,RA,H,19.4,45,25,24.3,24.9,48.2,44.2,45.29,408.66,0.69,0.41,0.41,2022/3/8 05:00
175,0.2561,RA,H,19.7,45.1,24.9,24.7,24.8,48.3,44.2,45.26,406.14,0.68,0.4,0.41,2022/3/8 06:00
176,0.2545,RA,H,21,45,24.2,25,24.8,48.4,44.2,44.7,406.05,0.68,0.4,0.4,2022/3/8 07:00
177,0.249,RA,H,22.3,43.7,24.4,25.1,24.7,47.7,43,42.99,405.64,0.68,0.4,0.4,2022/3/8 08:00
178,0.2508,RA,H,21.9,44.2,25.3,24.2,25.2,47,43.4,43.62,401.33,0.67,0.39,0.4,2022/3/8 09:00
179,3.2178,RA,C,23.1,41,25.1,25,26.5,47,40.8,42.61,399.06,67.32,41.71,2.89,2022/3/8 10:00
180,3.1983,RA,C,23.8,34.4,27,27.5,25.6,46,34,35.97,400.53,0.69,0.4,6.5,2022/3/8 11:00
181,3.1962,RA,C,24.2,34.2,27,27.7,26.2,45.2,33.6,35.56,406.26,0.7,0.41,0.41,2022/3/8 12:00
182,3.1975,RA,C,24.5,31.9,27.2,27.8,26.6,44.9,31.4,33.2,403.07,0.7,0.41,3.06,2022/3/8 13:00
183,3.2246,RA,C,24.7,30.3,26.9,27.9,26.7,44.7,30,31.56,399.08,0.69,0.4,3.77,2022/3/8 14:00
184,3.2969,RA,C,24.6,28.8,26.6,28,26.6,44.3,28.4,30.15,400.45,0.69,0.4,4.62,2022/3/8 15:00
185,3.5047,RA,C,24.2,27.3,25.7,27.7,25.7,43.8,27,28.91,401.9,0.69,0.41,5.45,2022/3/8 16:00
186,3.6673,RA,C,23.5,26.2,24.6,27,25.7,43.3,26,28.22,406.21,0.71,0.42,4.54,2022/3/8 17:00
187,3.4627,RA,C,22.2,26.5,23.6,26.4,25.1,43.7,26,29.1,404.19,0.7,0.41,2.45,2022/3/8 18:00
188,3.3058,RA,C,21.5,27.2,22,25.9,24.7,44.2,26.8,30.05,401.37,0.69,0.4,0.4,2022/3/8 19:00
189,0.8029,RA,H,21.3,27.4,21.2,25.5,23.9,45,27,27.8,404.8,0.68,0.4,2.44,2022/3/8 20:00
190,0.3004,RA,H,21.5,30.3,22.5,24.9,23.8,45.8,30,30.55,406.25,0.68,0.4,0.4,2022/3/8 21:00
191,0.2552,RA,H,21.9,31.5,23.3,24.5,24,46.5,31,31.55,407.83,0.68,0.41,0.41,2022/3/8 22:00
192,0.2288,RA,H,22.1,33.1,23.8,24.3,24.2,47.1,32.6,33.02,403.75,0.67,0.4,0.41,2022/3/8 23:00
193,0.226,RA,H,22.1,34.1,24.3,24,24.4,47.5,33.6,33.97,405.73,0.68,0.4,0.4,2022/3/9 00:00
194,0.226,RA,H,22.2,35,24.7,25,24.6,47.9,34.6,34.8,406.35,0.68,0.4,0.4,2022/3/9 01:00
195,0.226,RA,H,22.5,35.1,24.8,24.3,24.7,48.2,34.6,34.76,406.56,0.68,0.4,0.4,2022/3/9 02:00
196,0.226,RA,H,22.5,35.1,24.9,24.7,24.6,48.3,34.6,34.76,407.5,0.68,0.4,0.4,2022/3/9 03:00
197,0.2261,RA,H,22.5,35,24.9,24.5,24.6,48.3,34.6,34.67,408.11,0.68,0.41,0.4,2022/3/9 04:00
198,0.226,RA,H,22.4,35.1,24.8,24.6,24.4,48.3,34.6,34.8,407.64,0.68,0.41,0.41,2022/3/9 05:00
199,0.2269,RA,H,22.4,36,24.9,24.6,24.5,48.4,35.4,35.65,407.05,0.68,0.4,0.41,2022/3/9 06:00
200,0.2262,RA,H,22.8,36,24.9,24.7,24.5,48.5,35.4,35.47,405.26,0.68,0.4,0.4,2022/3/9 07:00
201,0.2261,RA,H,24.2,36.7,24.4,24.5,24.6,47.5,36.4,35.45,400.2,0.66,0.39,0.4,2022/3/9 08:00
202,0.2261,RA,H,25.1,35.6,24.7,25.3,25.4,46.6,35.2,33.93,402.24,0.67,0.39,0.39,2022/3/9 09:00
203,3.2134,RA,C,25.4,31.1,24.9,26.4,26.2,46.4,30.6,31.97,402.52,0.7,0.41,6.59,2022/3/9 10:00
204,3.234,RA,C,25.6,30.5,24.5,27.3,26,45.5,30,31.29,399.17,0.7,0.41,2.99,2022/3/9 11:00
205,3.2477,RA,C,25.7,30.2,24.5,27.8,26.5,45.1,30,30.97,406.86,0.72,0.42,3.24,2022/3/9 12:00
206,3.3058,RA,C,25.6,29.2,24.6,28,26.9,44.6,29,30.05,401.54,0.69,0.4,4.57,2022/3/9 13:00
207,3.8503,RA,C,25.5,26.6,24.6,28,27,44.3,26.4,27.58,398.01,0.68,0.4,7.61,2022/3/9 14:00
208,7.236,RA,C,25.2,20.3,24.4,27.1,26.3,43.3,20.8,21.9,401.41,53.1,32.1,18.66,2022/3/9 15:00
209,8.0411,RA,C,24.9,19.1,23.9,26.2,25.5,42.3,19,20.98,404.71,0.7,0.41,9.33,2022/3/9 16:00
210,7.5511,RA,C,24.4,19.4,23.4,25.8,25,42.3,19.6,21.51,411.18,0.73,0.43,8.11,2022/3/9 17:00
211,6.9462,RA,C,23,19.5,23,25.7,25,42.7,19.4,22.3,404.1,0.72,0.42,7.58,2022/3/9 18:00
212,7.03,RA,C,23.4,19.6,22.6,25.5,24.8,42.9,19.4,22.18,402.86,0.72,0.42,8.23,2022/3/9 19:00
213,6.9948,RA,C,23.3,19.6,22.2,25.2,24.4,43.2,19.4,22.23,404.53,0.72,0.42,7.28,2022/3/9 20:00
214,6.9257,RA,C,23.1,19.6,21.8,24.8,24.1,43.2,19.4,22.33,406.75,0.73,0.42,7.85,2022/3/9 21:00
215,5.9432,RA,C,22.9,21.4,21.4,24.4,23.7,43.4,21.2,24.01,408.23,0.73,0.43,4.12,2022/3/9 22:00
216,2.9309,RA,H,22.9,24.2,21.6,24.5,23.7,43.9,24,24.09,407.9,0.68,0.4,0.41,2022/3/9 23:00
217,1.6928,RA,H,22.8,26.3,22,24.1,23.8,45.1,26,26.15,409.05,0.68,0.41,0.41,2022/3/10 00:00
218,0.8767,RA,H,23,27.9,22.5,24,23.8,46.3,27.6,27.59,407.97,0.68,0.4,0.41,2022/3/10 01:00
219,0.5812,RA,H,23.1,29.1,22.8,24.1,23.9,47,28.8,28.71,406.77,0.68,0.4,0.4,2022/3/10 02:00
220,0.4033,RA,H,23.3,30.1,23.1,24.3,24,47.4,29.6,29.56,408.31,0.68,0.41,0.4,2022/3/10 03:00
221,0.3177,RA,H,23.2,30.8,23.3,24.6,24,47.6,30.2,30.28,407.75,0.68,0.4,0.4,2022/3/10 04:00
222,0.2901,RA,H,23.3,31.3,23.4,24.7,24,48,30.8,30.73,407.56,0.68,0.4,0.4,2022/3/10 05:00
223,0.2696,RA,H,23.2,31.7,23.6,24.7,24,48,31.2,31.16,405.67,0.68,0.4,0.4,2022/3/10 06:00
224,0.2655,RA,H,23.6,32,23.7,24.9,24,48.2,31.6,31.26,405.18,0.68,0.4,0.4,2022/3/10 07:00
225,0.2775,RA,H,24.5,32.2,24.1,24.3,24.3,46.6,31.8,30.98,399.27,0.66,0.39,0.4,2022/3/10 08:00
226,0.278,RA,H,24.7,32.3,24.9,24.5,24.8,45.8,31.8,30.97,400.11,0.66,0.39,0.39,2022/3/10 09:00
227,0.2748,RA,H,25.5,32.8,24.6,25.2,25.8,45.8,32.2,31.04,399.74,0.66,0.39,0.39,2022/3/10 10:00
228,3.1964,RA,C,25.9,32.9,24.6,26.2,25.9,46.1,32.8,33.49,395.31,104.25,61.88,1.25,2022/3/10 11:00
229,8.6209,RA,C,25.8,19,24.6,26.3,25.7,44.5,18.8,20.44,405.05,0.7,0.41,33.68,2022/3/10 12:00
230,8.3989,RA,C,25.8,19.2,24,25.8,25.2,43.5,19.6,20.64,396.93,51.34,30.7,8.31,2022/3/10 13:00
231,8.6319,RA,C,26,19.1,24.6,25.8,25.2,42.7,19,20.43,402.39,0.69,0.4,7.48,2022/3/10 14:00
232,9.9917,RA,C,25.9,17.6,24.6,25.8,25.2,42.4,17.6,19.18,403.81,0.7,0.41,11.37,2022/3/10 15:00
233,8.9356,RA,C,25.7,18.6,24,25.7,25.1,43.2,18.6,20.15,402.28,0.69,0.4,6.67,2022/3/10 16:00
234,7.7634,RA,C,25,19.5,24.3,25.8,25.1,42.4,19.4,21.27,409.36,0.71,0.42,5.84,2022/3/10 17:00
235,8.1736,RA,C,24.5,18.7,24.4,25.9,25.1,42.6,19,20.85,408.67,0.71,0.42,8.69,2022/3/10 18:00
236,7.691,RA,C,24,19,24.1,25.8,25.1,42.9,18.8,21.35,408.69,0.71,0.42,5.79,2022/3/10 19:00
237,7.1311,RA,C,23.7,19.6,23.6,25.4,24.7,42.9,19.6,22.04,408.63,0.72,0.42,5.7,2022/3/10 20:00
238,7.4752,RA,C,23.4,18.9,23.1,25,24.3,42.9,19.2,21.6,407.81,50.19,30.15,7.86,2022/3/10 21:00
239,7.4504,RA,C,23.3,18.9,22.6,24.5,23.8,42.8,18.8,21.63,410.95,0.72,0.42,5.7,2022/3/10 22:00
240,3.9834,RA,H,23.3,22.5,22.1,24.5,23.6,43.1,22.2,22.29,408.95,0.69,0.41,0.41,2022/3/10 23:00
241,2.547,RA,H,23.2,25.1,22.3,24.6,23.8,43.7,24.8,24.8,409.42,0.69,0.41,0.41,2022/3/11 00:00
242,1.3304,RA,H,23.2,27.1,22.8,24,23.3,45.8,26.6,26.71,405.53,0.68,0.4,0.41,2022/3/11 01:00
243,0.7373,RA,H,23.4,28.6,23.1,24.4,23.3,47,28,28.05,406.75,0.68,0.4,0.4,2022/3/11 02:00
244,0.5104,RA,H,23.8,29.8,23.5,24.8,23.4,47.7,29.4,29.02,406.45,0.68,0.4,0.4,2022/3/11 03:00
245,0.3605,RA,H,23.9,30.7,23.8,24.8,23.6,48.2,30.2,29.84,408.03,0.68,0.41,0.4,2022/3/11 04:00
246,0.3053,RA,H,24,31.4,24,24,23.8,48.6,31,30.47,407.1,0.68,0.4,0.4,2022/3/11 05:00
247,0.2599,RA,H,23.1,31.9,24.2,25.1,23.8,48.8,31.4,31.41,405.53,0.68,0.4,0.4,2022/3/11 06:00
248,0.2595,RA,H,24,32.4,24.4,24.2,23.9,48.8,31.8,31.42,404.93,0.68,0.4,0.4,2022/3/11 07:00
249,0.3091,RA,H,24.7,31.7,24.7,25.1,24.2,46.7,31.4,30.41,401.35,0.67,0.39,0.4,2022/3/11 08:00
250,0.3177,RA,H,25.3,31.9,24.6,25,24.7,45.7,31.4,30.28,402.49,0.67,0.39,0.39,2022/3/11 09:00
251,0.3016,RA,H,25.8,32.4,24,25.4,25.7,45.7,32,30.53,405.19,0.67,0.4,0.39,2022/3/11 10:00
252,3.4312,RA,C,26.2,28.7,25.4,26.8,26.3,45.6,28.4,29.25,402.92,0.69,0.41,8.02,2022/3/11 11:00
253,5.3098,RA,C,26.4,24.5,26,27.3,26.1,45.1,25,25.16,406.67,75.52,47.86,12.69,2022/3/11 12:00
254,8.7085,RA,C,26,19,25,26.6,25.8,43.9,19.2,20.36,403.97,0.7,0.41,19.6,2022/3/11 13:00
255,9.1499,RA,C,26.3,18.7,24.6,26.3,25.5,43.3,19.2,19.95,398.14,70.49,43.78,9.79,2022/3/11 14:00
256,12.0955,RA,C,26.5,16,24.2,26.1,25.5,42.9,16.2,17.47,401.41,0.69,0.41,15.4,2022/3/11 15:00
257,10.7335,RA,C,26.4,17.2,24.2,25.8,25.3,42.6,17.4,18.57,399.33,48.97,29.01,8.59,2022/3/11 16:00
258,11.1021,RA,C,25.8,16.5,24.5,25.7,25,42.5,16.6,18.28,407.49,0.71,0.42,9.99,2022/3/11 17:00
259,10.3563,RA,C,24.5,16.4,24.2,25.6,25,43,17,18.87,404.52,50.86,30.58,9.7,2022/3/11 18:00
260,9.5261,RA,C,23.7,16.8,23.7,25.3,24.8,43,16.8,19.6,405.69,0.7,0.41,7.7,2022/3/11 19:00
261,9.845,RA,C,23.3,16.2,23.1,24.9,24.4,43.2,16.8,19.31,403.45,51.21,30.84,9.6,2022/3/11 20:00
262,9.3535,RA,C,23.2,16.7,22.6,24.4,23.9,43.2,16.6,19.76,407.14,0.71,0.42,6.87,2022/3/11 21:00
263,5.1116,RA,H,23.3,21,21.8,24.7,23.8,43.7,20.8,20.94,407.92,0.68,0.4,0.41,2022/3/11 22:00
264,3.3427,RA,H,24,24,22.1,25.2,24.1,44.3,23.6,23.33,407.5,0.68,0.4,0.41,2022/3/11 23:00
265,2.0412,RA,H,24,26.4,22.7,25.1,24.4,45.2,26,25.63,410.13,0.69,0.41,0.41,2022/3/12 00:00
266,0.9705,RA,H,24.2,28.3,23.3,24.1,24,46.9,28,27.37,411.24,0.69,0.41,0.41,2022/3/12 01:00
267,0.631,RA,H,24.6,29.7,23.8,24.6,24,47.7,29.2,28.5,411.07,0.69,0.41,0.41,2022/3/12 02:00
268,0.4378,RA,H,24.8,30.7,24.3,25,24.2,48.4,30.2,29.37,406.74,0.68,0.4,0.41,2022/3/12 03:00
269,0.3104,RA,H,24.7,31.7,24.6,24.2,24.4,48.7,31.2,30.39,405.96,0.68,0.4,0.4,2022/3/12 04:00
270,0.2804,RA,H,24.8,32.3,24.7,24.9,24.5,49.1,31.8,30.92,406.28,0.68,0.4,0.4,2022/3/12 05:00
271,0.2606,RA,H,24.8,32.8,24.8,24.5,24.6,49.1,32.2,31.39,405.99,0.68,0.4,0.4,2022/3/12 06:00
272,0.2524,RA,H,24.9,33.1,24.9,24.8,24.6,49.3,32.6,31.64,405.37,0.68,0.4,0.4,2022/3/12 07:00
273,0.2545,RA,H,25.8,33.5,24.6,24.6,24.9,49.6,33,31.57,408.53,0.68,0.41,0.4,2022/3/12 08:00
274,0.2558,RA,H,26.6,33.9,25.1,24.1,25.4,50.2,33.4,31.53,409.26,0.68,0.41,0.41,2022/3/12 09:00
275,0.2524,RA,H,27.4,34.5,24.8,24.2,26.2,50.8,34,31.64,408.82,0.68,0.41,0.41,2022/3/12 10:00
276,0.2481,RA,H,28.3,35.2,24.7,24.7,27.1,51.4,34.6,31.79,406,0.68,0.4,0.4,2022/3/12 11:00
277,0.2404,RA,H,28.9,35.9,25.2,25.4,28,51.9,35.2,32.12,409.22,0.68,0.41,0.4,2022/3/12 12:00
278,3.7162,RA,C,29.1,29.1,26.9,27.1,27.8,51.2,28.8,28.01,409.83,0.71,0.42,17.25,2022/3/12 13:00
279,14.5404,RA,C,28.8,15.1,25.6,25.9,26.3,49.2,15.6,15.4,405.89,74.3,47.1,46.69,2022/3/12 14:00
280,17.9486,RA,H,28.5,14.1,23.8,24.1,24.4,47.3,14.2,12.16,408.93,0.68,0.4,21.75,2022/3/12 15:00
281,9.4647,RA,H,28.4,19.8,24.1,25.1,24.7,47.3,19.6,17.17,408.96,0.68,0.4,0.41,2022/3/12 16:00
282,8.2049,RA,C,28.3,21,25,25.9,25.5,48,21.4,20.82,406.31,72.67,46.01,5.83,2022/3/12 17:00
283,10.6188,RA,C,27.6,18.1,24.1,24.8,24.7,47.4,18,18.66,407.4,30.67,14.75,16.72,2022/3/12 18:00
284,6.9652,RA,H,26.8,21.1,23.8,24.4,24.3,47.1,21,19.23,408.04,0.68,0.4,3.75,2022/3/12 19:00
285,3.7269,RA,H,26.6,24.7,24.1,24.6,24.4,47.6,24.6,22.68,407.25,0.68,0.4,0.4,2022/3/12 20:00
286,2.1588,RA,H,26.4,27.5,24.5,24.6,24.7,48.1,27,25.45,406.4,0.68,0.4,0.4,2022/3/12 21:00
287,0.9892,RA,H,26.5,29.5,25,24.4,25,48.7,29,27.33,408.59,0.68,0.4,0.41,2022/3/12 22:00
288,0.5789,RA,H,26.8,31.1,24.4,24.3,25.4,49.4,30.6,28.72,407.44,0.68,0.4,0.41,2022/3/12 23:00
289,0.3632,RA,H,26.9,32.3,25,24.3,25.7,49.8,31.8,29.82,409.83,0.69,0.41,0.41,2022/3/13 00:00
290,0.2885,RA,H,27.1,33.4,24.6,24.3,26,50.3,32.8,30.76,410.65,0.69,0.41,0.41,2022/3/13 01:00
291,0.2617,RA,H,27.2,34.1,24.6,24.3,26.3,50.6,33.4,31.36,408.49,0.68,0.4,0.4,2022/3/13 02:00
292,0.2456,RA,H,27.3,34.7,24.8,24.3,26.4,50.9,34.2,31.89,406.81,0.68,0.4,0.4,2022/3/13 03:00
293,0.2361,RA,H,27.3,35.2,24.1,24.3,26.6,51.1,34.6,32.36,406.66,0.68,0.4,0.4,2022/3/13 04:00
294,0.2322,RA,H,27.3,35.5,25.1,24.2,26.7,51.2,35,32.65,407.24,0.68,0.4,0.4,2022/3/13 05:00
295,0.2281,RA,H,27.1,35.9,24.3,24.7,26.7,51,35.2,33.13,406.31,0.68,0.4,0.4,2022/3/13 06:00
296,3.1958,RA,C,27.1,34.6,25.5,25.9,26.7,50.5,34.8,34.48,402.55,69.22,43.4,2.57,2022/3/13 07:00
297,4.9111,RA,C,27.3,25.7,25.1,26.5,25.5,49,26,25.78,406.36,75.63,48,22.27,2022/3/13 08:00
298,12.4798,RA,C,27.9,16.5,23.5,24.9,23.4,47,17,17.13,407.08,51.46,31.11,33.41,2022/3/13 09:00
299,12.9933,RA,C,28.5,16.4,23.6,24.5,22.7,46,16.4,16.68,407.93,0.73,0.43,9.6,2022/3/13 10:00
300,13.2599,RA,C,28.8,16.3,24.1,24.7,22.8,46,16.8,16.45,405.36,51.97,31.49,10.06,2022/3/13 11:00
301,13.3183,RA,C,29,16.4,24.9,25.2,23.2,45.9,16.4,16.4,408.02,0.73,0.43,9.55,2022/3/13 12:00
302,16.8585,RA,C,29.4,13.7,24.2,25.7,23.8,46.1,14.2,13.86,405.1,53.3,32.45,18.43,2022/3/13 13:00
303,19.9092,RA,C,29.4,12.2,24.6,25.8,23.9,45.6,12.2,12.53,407.43,0.7,0.42,16.11,2022/3/13 14:00
304,21.1771,RA,C,29.2,11.5,24,25.9,24,45.3,12.2,12.06,407.08,52.49,31.9,16.68,2022/3/13 15:00
305,24.0124,RA,C,28.9,10,24.7,25.8,24,45,10.4,10.89,409.27,0.71,0.42,17.37,2022/3/13 16:00
306,24.3853,RA,C,28.5,9.6,23.9,25.6,23.6,44.6,9.8,10.75,407.99,0.71,0.42,16.3,2022/3/13 17:00
307,21.2481,RA,C,27.8,10.6,24.5,25.1,23.2,44.2,11,12.03,403.56,47.75,28.37,13.49,2022/3/13 18:00
308,22.61,RA,C,27,9.4,24.7,24.5,22.5,43.9,9.8,11.44,409.71,0.71,0.42,16.92,2022/3/13 19:00
309,12.3072,RA,H,26.2,15.7,22.9,25,22.4,44.1,15.8,14.85,408.8,0.68,0.41,0.41,2022/3/13 20:00
310,7.7726,RA,C,25.6,19.8,22.7,25.7,22.9,45,20.2,21.26,408.5,64.42,40.37,1.71,2022/3/13 21:00
311,11.7231,RA,C,25.9,16,23,24.6,22.4,44.7,16,17.78,411.64,0.72,0.43,17.88,2022/3/13 22:00
312,8.9204,RA,H,26,18.8,22.4,24.5,22.2,44.8,18.6,17.65,408.57,0.68,0.41,4.25,2022/3/13 23:00
313,4.9439,RA,H,25.8,22.6,22.5,25,22.6,45.6,22.2,21.11,410.46,0.69,0.41,0.41,2022/3/14 00:00
314,3.1395,RA,H,25.9,25.4,23,25.2,23.1,46.4,25,23.7,411.54,0.69,0.41,0.41,2022/3/14 01:00
315,1.8743,RA,H,26,27.7,23.6,25.3,23.7,47.1,27.4,25.88,411.17,0.69,0.41,0.41,2022/3/14 02:00
316,6.0715,RA,C,26.3,23,24,25.6,24.1,47.4,23.2,23.77,409.35,55.8,34.32,13.78,2022/3/14 03:00
317,6.034,RA,C,26,22.9,23.3,25.1,23.3,46.8,23.2,23.84,410.49,51.76,31.42,5.78,2022/3/14 04:00
318,5.4096,RA,C,25.5,23.9,22.7,24.9,23,46.6,23.6,24.99,413.04,0.73,0.43,3.2,2022/3/14 05:00
319,5.7027,RA,C,25.8,23.5,22.3,24.7,22.8,46.4,23.2,24.46,410.74,0.71,0.42,5.3,2022/3/14 06:00
320,5.9752,RA,C,26.1,23.1,22.1,24.6,22.7,46.4,23,23.95,410.11,0.73,0.43,5.27,2022/3/14 07:00
321,6.3012,RA,C,26.5,22.7,22.2,24.6,23.5,44.9,22.6,23.35,400.36,0.71,0.41,5.21,2022/3/14 08:00
322,4.0888,RA,H,26.7,24.2,23.1,25,24.1,44,24,22.14,399.09,0.66,0.39,2.79,2022/3/14 09:00
323,2.7168,RA,H,27.1,26.9,24.8,25.6,25.1,44.3,26.6,24.49,396.7,0.66,0.38,0.38,2022/3/14 10:00
324,5.8366,RA,C,27.7,24.3,25.9,26.7,26.2,44.8,24.6,24.21,399.19,77.69,48.66,9.75,2022/3/14 11:00
325,13.2482,RA,C,27.7,15.6,25.1,26.1,25.6,43.7,16.2,16.46,403.14,74.65,47.05,31.98,2022/3/14 12:00
326,15.5748,RA,C,27.5,13.4,24,25.2,24.9,42.5,14,14.65,400.18,52.96,31.92,19.77,2022/3/14 13:00
327,14.8401,RA,C,27.3,13.9,24.9,25.1,24.9,42.1,14,15.17,398.02,0.68,0.39,11.54,2022/3/14 14:00
328,16.0343,RA,C,27.7,13.2,24,25.4,25.1,42.5,13.8,14.36,397.94,53,31.9,14.79,2022/3/14 15:00
329,14.8931,RA,C,27.7,14.1,25,25.6,25.3,42.1,14.4,15.13,399.46,0.69,0.4,11.08,2022/3/14 16:00
330,16.379,RA,C,27.6,12.9,24,25.7,25.4,42.1,13.4,14.15,404.25,0.7,0.41,15.79,2022/3/14 17:00
331,14.9464,RA,C,27,13.6,25,26.1,25.6,42.5,13.8,15.09,402.13,0.69,0.4,12.05,2022/3/14 18:00
332,16.6605,RA,C,26.8,12.2,23.8,26,25.7,42.7,12.2,13.98,404.76,0.7,0.41,16.93,2022/3/14 19:00
333,13.9029,RA,C,25.8,13.8,24,25.6,24.2,43.5,13.8,15.91,406.64,0.7,0.41,9.96,2022/3/14 20:00
334,7.9808,RA,H,25.2,19.2,23.1,26.6,24.1,44.7,19,18.4,408.33,0.68,0.4,0.41,2022/3/14 21:00
335,4.6157,RA,H,26,23.1,23.5,27.3,24.5,45.9,22.8,21.47,405.8,0.68,0.4,0.4,2022/3/14 22:00
336,2.9096,RA,H,26.4,26.1,24.3,27.5,25.1,46.9,26,24.13,405.87,0.68,0.4,0.4,2022/3/14 23:00
337,1.5077,RA,H,26.4,28.5,25.1,27.5,25.5,47.7,28.2,26.43,404.92,0.67,0.4,0.4,2022/3/15 00:00
338,7.1458,RA,C,27,21.5,24.6,26.9,26,47.7,22,22.02,402.51,75.03,47.27,20.05,2022/3/15 01:00
339,11.1021,RA,C,25.6,16.4,23.4,25.2,25.7,46.3,16.4,18.28,406.79,0.7,0.41,23.73,2022/3/15 02:00
340,11.7759,RA,C,25.5,15.7,23.1,24.3,25.2,45.8,16.2,17.74,405.7,52.4,31.74,11.17,2022/3/15 03:00
341,10.6442,RA,C,24.7,16.3,22.9,24.2,24.9,45.4,16.2,18.64,409.1,0.71,0.42,7.42,2022/3/15 04:00
342,10.6188,RA,C,24.2,16,22.7,24.7,24.6,45.4,16.4,18.66,406.56,51.14,30.88,9.46,2022/3/15 05:00
343,8.5879,RA,C,24.2,18.1,22.5,25,24.4,45.2,18,20.47,406.6,0.71,0.42,4.57,2022/3/15 06:00
344,4.7392,RA,H,24.3,22,22.2,24.5,24.4,45.9,21.8,21.33,405.46,0.67,0.4,0.4,2022/3/15 07:00
345,3.5738,RA,H,26.3,24.8,22.8,24.7,22.5,44.6,24.6,22.93,401.58,0.67,0.39,0.4,2022/3/15 08:00
346,2.5803,RA,H,27,27.1,24.2,25.5,24.3,44.4,26.8,24.74,397.42,0.66,0.38,0.39,2022/3/15 09:00
347,3.5184,RA,C,27.4,29,25.5,26.4,25.4,45.1,28.6,28.85,398.19,0.69,0.4,0.38,2022/3/15 10:00
348,6.2346,RA,C,28.1,23.8,26,27,25.9,45,23.6,23.47,398.32,0.68,0.4,15.88,2022/3/15 11:00
349,11.3233,RA,C,28.2,17.8,25.4,26.7,25.9,44,18.4,18.1,401.33,73.77,46.29,25.83,2022/3/15 12:00
350,22.659,RA,C,28.3,10.2,24.1,26,24.1,42.9,11,11.42,395.85,72.47,45.01,38.86,2022/3/15 13:00
351,27.3317,RA,C,28.1,8.1,24.8,25.1,24.7,42.6,8.8,9.69,396.95,51.5,30.85,29.77,2022/3/15 14:00
352,16.2141,RA,C,27.7,13.1,23.8,25,24.7,42.5,13.2,14.25,402.51,0.69,0.4,6.2,2022/3/15 15:00
353,14.3745,RA,C,27.6,14.5,24.8,25.6,25.6,42.1,14.6,15.53,401.53,0.69,0.4,9.46,2022/3/15 16:00
354,16.2141,RA,C,27.3,12.8,23.8,25.6,25.7,42.3,13.6,14.25,404.79,77.44,48.95,23.14,2022/3/15 17:00
355,15.0403,RA,C,26.5,13.2,24.4,25.6,25.7,42.9,13.4,15.02,404.56,0.72,0.42,15.31,2022/3/15 18:00
356,15.0403,RA,C,26.4,13.1,24.4,25.5,25,43,13.8,15.02,396.75,130.28,80.05,18.22,2022/3/15 19:00
357,14.5919,RA,C,25.7,13.1,24.2,25.2,24,43,13.2,15.36,403.05,0.71,0.42,15.9,2022/3/15 20:00
358,14.1612,RA,C,25.4,13.3,23.9,24.9,23.5,43,13.8,15.7,399.35,107.59,64.18,16.65,2022/3/15 21:00
359,14.1612,RA,C,25,13.1,23.7,24.5,23,42.9,13.2,15.7,404.69,0.72,0.42,16.12,2022/3/15 22:00
360,9.9431,RA,H,24.7,17,23.1,24.8,22.9,43.2,17,16.75,406.99,0.68,0.4,5.07,2022/3/15 23:00
361,5.585,RA,H,24.5,21.2,22.8,25.6,23.3,44,21,20.5,403.51,0.67,0.4,0.4,2022/3/16 00:00
362,10.7207,RA,C,24.5,16.1,22.7,24.9,23,43.9,16.2,18.58,402.22,0.72,0.42,18.65,2022/3/16 01:00
363,7.7255,RA,H,24.3,18.9,22.6,24.4,22.6,43.8,18.8,18.6,403.36,0.68,0.4,3.87,2022/3/16 02:00
364,4.3281,RA,H,24.4,22.6,22.3,25,22.9,44.3,22.4,21.82,402.84,0.67,0.39,0.4,2022/3/16 03:00
365,2.8082,RA,H,24.7,25.4,22.4,25.3,23.3,45.1,25.2,24.32,403.55,0.67,0.39,0.4,2022/3/16 04:00
366,4.4129,RA,C,25,25.2,22.9,25.6,23.8,45.9,25.6,26.53,400.85,73.96,46.41,4.98,2022/3/16 05:00
367,5.7027,RA,C,24.7,22.9,23.2,25.2,23.3,45.3,22.8,24.46,402.7,0.7,0.41,9.25,2022/3/16 06:00
368,6.1743,RA,C,24.8,22,23.2,24.9,23,45.1,21.8,23.58,407.21,0.73,0.43,7.12,2022/3/16 07:00
369,6.8056,RA,C,26.2,21.6,23.1,24.9,23.9,44.3,21.4,22.51,403.11,0.71,0.42,7.75,2022/3/16 08:00
370,7.03,RA,C,26.7,21.5,23.3,25,24.1,43.6,21.8,22.18,401.93,0.71,0.41,8.4,2022/3/16 09:00
371,6.0823,RA,C,26.8,23.3,24.6,25.7,24.8,43.6,23.2,23.75,400.6,47.52,28.02,4.32,2022/3/16 10:00
372,11.5646,RA,C,27.3,17,24.5,25.9,25.2,43.2,17.4,17.9,403.41,0.7,0.41,22.68,2022/3/16 11:00
373,15.0673,RA,C,27.5,13.8,24.1,25.9,25.4,42.6,14.4,15,401.95,52.61,31.79,22.88,2022/3/16 12:00
374,15.5902,RA,C,27.8,13.6,24.6,26.2,25.7,42.3,13.8,14.64,399.51,0.69,0.4,14.35,2022/3/16 13:00
375,20.9183,RA,C,28,10.9,24.2,26.2,25.7,42.5,11,12.16,402.33,0.69,0.4,25.79,2022/3/16 14:00
376,20.9723,RA,C,28.1,10.9,24.2,26,25.5,42.2,11.6,12.14,400.04,50.99,31.25,17.15,2022/3/16 15:00
377,21.9433,RA,C,27.6,10.1,24.8,25.9,25.3,42.5,10.8,11.72,403.27,51.83,31.36,18.25,2022/3/16 16:00
378,21.3152,RA,C,27.4,10.3,24.1,26,25.4,42.5,10.8,12,404.14,52.41,31.79,19.28,2022/3/16 17:00
379,21.1526,RA,C,27.1,10.2,24.4,26,25.3,42.5,10.4,12.07,405.02,0.7,0.41,16.93,2022/3/16 18:00
380,18.6246,RA,C,26.9,11.2,24.1,25.8,23.1,42.6,11.4,13.06,403.28,0.7,0.41,13.52,2022/3/16 19:00
381,20.0828,RA,C,26.6,10.3,24.7,25.5,21.6,42.7,11,12.46,401.4,51.26,30.88,17.07,2022/3/16 20:00
382,14.6957,RA,C,26.5,13.5,24.9,25.4,21.3,43,13.6,15.28,404.87,0.7,0.41,6.43,2022/3/16 21:00
383,14.1488,RA,C,26.4,13.9,24.9,25.3,21.1,43.2,14.6,15.71,403.42,50.56,30.42,11.23,2022/3/16 22:00
384,14.5532,RA,C,26.3,13.5,24.8,25,20.9,43.3,13.6,15.39,407.55,0.71,0.42,12.25,2022/3/16 23:00
385,14.3619,RA,C,26.7,13.9,24.6,24.8,20.7,43.4,14.4,15.54,406.38,50.79,30.59,11.32,2022/3/17 00:00
386,14.9598,RA,C,26.4,13.2,24.3,24.4,20.4,43.2,13.4,15.08,408.73,0.73,0.43,14.87,2022/3/17 01:00
387,9.1935,RA,H,26.3,18.7,22.9,25.2,20.8,43.7,18.6,17.41,408.55,0.68,0.41,0.41,2022/3/17 02:00
388,12.2197,RA,C,26.4,15.8,23.1,25.5,21.8,44.3,16.2,17.36,406.62,74.22,47.06,16.36,2022/3/17 03:00
389,13.1551,RA,C,26.1,14.7,23.3,24.6,21,43.9,14.8,16.54,406.04,0.7,0.42,12.79,2022/3/17 04:00
390,9.7373,RA,H,25.9,17.9,22.6,24.6,20.8,43.8,17.8,16.93,405.39,0.68,0.4,4.41,2022/3/17 05:00
391,5.5407,RA,H,25.5,21.8,22.6,25.3,21.5,44.5,21.6,20.54,405.06,0.68,0.4,0.4,2022/3/17 06:00
392,8.2577,RA,C,24.8,18.8,23.1,25.4,22.4,44.8,18.8,20.77,404.3,0.7,0.41,12.56,2022/3/17 07:00
393,9.5478,RA,C,26.6,18.5,23.3,24.8,23.5,43.7,18.4,19.58,401.39,0.71,0.41,9.75,2022/3/17 08:00
394,8.6319,RA,C,26,19.1,23.8,24.7,23.8,42.9,19,20.43,399.19,0.69,0.4,7.92,2022/3/17 09:00
395,8.4881,RA,C,26.7,19.7,24.5,25.1,24.2,42.8,19.6,20.56,400.82,0.69,0.4,6.7,2022/3/17 10:00
396,9.1927,RA,C,27,19.1,24.8,25.6,24.9,42.9,19.6,19.91,396.85,53.21,32.06,9.28,2022/3/17 11:00
397,11.8149,RA,C,27.3,16.8,24.3,25.7,24.9,42.6,17,17.71,406.73,0.7,0.41,15.85,2022/3/17 12:00
398,13.8542,RA,C,27.5,14.9,24.4,26,25.1,42.5,15.4,15.95,395.17,53.91,32.43,16.2,2022/3/17 13:00
399,14.5275,RA,C,27.7,14.4,24.5,26.2,25.4,42.4,15,15.41,396.3,53.18,32.01,13.84,2022/3/17 14:00
400,16.6274,RA,C,27.7,12.8,24,26,25.2,42.1,13,14,395.82,0.68,0.39,16.9,2022/3/17 15:00
401,16.0994,RA,C,27.3,12.9,24.7,25.7,24.9,42,13.4,14.32,396.93,50.81,30.34,14.79,2022/3/17 16:00
402,19.0502,RA,C,26.8,10.9,23.7,25.3,24.6,42.1,12,12.9,400.94,132.96,82.42,23.75,2022/3/17 17:00
403,20.1619,RA,C,27,10.5,24.4,25.5,24.7,42.3,11.6,12.43,400.23,131.41,81.3,22.85,2022/3/17 18:00
404,19.7558,RA,C,26.8,10.6,25,25.4,24.7,42.3,11,12.6,403.66,0.72,0.42,19.8,2022/3/17 19:00
405,21.7597,RA,C,26.5,9.5,23.5,25.2,24.6,42.3,9.8,11.8,404.54,0.72,0.42,23.7,2022/3/17 20:00
406,18.5707,RA,C,26.4,10.9,23.9,24.9,24.3,42.1,11.2,13.08,406.56,0.73,0.43,15.71,2022/3/17 21:00
407,21.3369,RA,C,26.3,9.6,24.2,24.5,24,42.2,9.8,11.99,406.96,0.72,0.42,23.27,2022/3/17 22:00
408,15.601,RA,H,26.4,13.8,23.2,24.8,23.8,42.3,13.8,13.08,406.96,0.68,0.4,8.02,2022/3/17 23:00
409,9.3213,RA,C,26.4,18.6,22.7,25.9,24.4,43.2,18.8,19.79,404.55,115.6,70.8,1.63,2022/3/18 00:00
410,15.6832,RA,C,26.5,12.7,23.3,24.8,24,42.9,12.8,14.58,409.75,0.74,0.43,28.54,2022/3/18 01:00
411,14.3674,RA,H,26.3,14.3,23.4,24.4,23.6,42.8,14.4,13.58,405.42,0.68,0.4,10.61,2022/3/18 02:00
412,8.5193,RA,H,26.4,19.4,22.6,25.4,24,43.4,19.2,17.96,405.5,0.68,0.4,0.4,2022/3/18 03:00
413,12.4684,RA,C,26.6,15.7,23.2,25.3,24.3,43.8,15.8,17.14,405.81,0.71,0.41,18.38,2022/3/18 04:00
414,12.6159,RA,C,26.4,15.4,23.6,24.7,23.9,43.5,15.8,17.01,403.73,52.63,31.9,11.47,2022/3/18 05:00
415,12.2084,RA,C,26.5,15.9,23.7,24.4,23.7,43.4,16,17.37,405,0.7,0.41,8.73,2022/3/18 06:00
416,6.9539,RA,H,26.1,20.7,23.1,25.2,24,43.9,20.4,19.24,403.96,0.67,0.4,0.4,2022/3/18 07:00
417,9.1927,RA,C,27,19.1,23.7,25.7,24.7,44.1,19.6,19.91,398.46,76.95,48.14,11.78,2022/3/18 08:00
